order_id,status,delivered_at
1,delivered,2024-01-02 10:00:00
2,delivered,2024-01-02 11:30:00
3,delivered,2024-01-02 12:15:00
4,delivered,2024-01-03 09:45:00
5,delivered,2024-01-03 14:20:00
6,delivered,2024-01-03 16:00:00
7,delivered,2024-01-04 08:30:00
8,delivered,2024-01-04 10:10:00
9,delivered,2024-01-04 13:00:00
10,delivered,2024-01-04 15:45:00
11,delivered,2024-01-05 09:15:00
12,delivered,2024-01-05 11:00:00
13,delivered,2024-01-05 14:30:00
14,delivered,2024-01-05 17:00:00
15,delivered,2024-01-06 08:45:00
